{"skins":{"default":{"play":{"play":{"x":-1.17,"width":29,"y":1.76,"height":29}},"bg":{"bg":{"x":0.24,"width":250,"y":0.56,"height":405}},"Live":{"Live":{"x":1.39,"width":42,"y":0.48,"height":23}},"bg1":{"bg1":{"x":0.24,"width":166,"y":-135.44,"height":59}},"tay":{"tay":{"triangles":[16,15,14,16,14,13,16,0,15,17,0,16,1,0,17,12,16,13,17,16,12,18,1,17,11,17,12,18,17,11,18,2,1,19,18,11,18,19,2,20,2,19,21,5,4,6,5,21,10,19,11,20,19,10,20,9,3,20,3,2,4,3,9,21,4,9,9,20,10,7,6,21,8,7,21,8,21,9],"uvs":[0.68284,0.03351,0.62435,0.20938,0.48788,0.70183,0.25003,0.71238,0.20324,0.75811,0.04337,0.74404,0,0.83901,0,0.97267,0.11746,1,0.35531,0.96212,0.71014,0.88473,0.83491,0.5154,0.94799,0.29732,1,0.10385,1,0,0.73353,0,0.84271,0.07923,0.76863,0.26566,0.69454,0.44857,0.60096,0.69831,0.49568,0.81087,0.14865,0.84253],"vertices":[2,4,9.68,17.49,0.76025,5,-19.6,-15.21,0.23975,2,4,-15.05,26.3,0.0129,5,6.63,-16.43,0.9871,2,5,79.22,-16.43,0.46029,6,2.14,-15.86,0.53971,1,6,32.67,-19.29,1,1,6,39.67,-13.8,1,1,6,59.71,-19.1,1,1,6,67.41,-6.59,1,1,6,70.47,12.28,1,1,6,56.14,18.57,1,1,6,24.99,18.14,1,2,5,97.64,17.73,0.93459,6,-21.97,14.56,0.06541,1,5,42.5,20.54,1,2,4,-29.74,-14.75,0.18654,5,8.71,27.12,0.81346,2,4,-2.45,-22.86,0.9025,5,-19.76,26.92,0.0975,1,4,12.38,-23.62,1,2,4,14.13,10.71,0.90579,5,-25.83,-10.03,0.09421,1,4,2.1,-2.77,1,2,4,-24.04,8.13,0.01144,5,9.93,3.58,0.98856,1,5,37.62,0.65,1,2,5,75.2,-2.4,0.97425,6,-12.34,-14.01,0.02575,2,5,94.1,-11.67,0.0043,6,3.65,-0.3,0.9957,1,6,48.56,-3.02,1],"width":129,"edges":[0,2,2,4,4,6,6,8,8,10,10,12,12,14,14,16,16,18,18,20,20,22,22,24,24,26,26,28,28,30,0,30],"type":"mesh","hull":16,"height":143}},"1":{"1":{"x":2.62,"width":33,"y":2.7,"height":48}},"2":{"2":{"x":-1.87,"width":233,"y":5.76,"height":227}},"3":{"3":{"rotation":-73.91,"x":27.66,"width":138,"y":11.32,"height":191}},"4":{"4":{"rotation":-108.89,"x":20.83,"width":91,"y":-12.02,"height":125}},"5":{"5":{"x":4.73,"width":59,"y":0.68,"height":51}},"6":{"3":{"rotation":-73.91,"x":27.66,"width":138,"y":11.32,"height":191}},"7":{"4":{"rotation":-108.89,"x":20.83,"width":91,"y":-12.02,"height":125}},"cha":{"cha":{"triangles":[51,13,14,41,40,51,51,52,41,51,50,13,39,51,40,74,75,14,14,52,51,14,76,52,42,41,52,39,50,51,75,76,14,49,50,39,15,74,14,61,75,74,60,76,75,60,75,61,48,49,39,63,62,74,61,74,62,53,52,76,12,13,50,43,52,53,42,52,43,53,54,44,59,76,60,74,73,63,15,73,74,47,39,40,47,40,41,48,39,47,57,48,47,50,49,48,57,50,48,54,53,76,43,53,44,76,59,77,76,77,54,59,58,77,45,42,43,45,43,44,46,41,42,46,42,45,47,41,46,64,62,63,56,47,46,57,47,56,55,45,44,55,44,54,46,45,55,56,46,55,68,77,58,72,64,63,72,63,73,67,59,60,58,59,67,68,58,67,65,61,62,65,62,64,66,60,61,66,61,65,67,60,66,69,67,66,68,67,69,71,65,64,71,64,72,70,66,65,69,66,70,70,65,71,11,12,50,10,55,54,68,10,54,68,54,77,56,55,10,11,57,56,11,50,57,56,10,11,9,68,69,9,69,70,10,68,9,34,15,16,34,16,17,73,15,34,28,72,73,28,73,34,71,72,28,34,17,18,71,9,70,71,28,9,29,9,28,8,9,29,25,7,8,35,28,34,35,34,18,29,28,35,26,6,7,26,7,25,5,6,26,24,26,25,27,5,26,27,26,24,4,5,27,30,8,29,25,8,30,24,25,30,3,27,24,4,27,3,36,35,18,36,18,19,20,36,19,31,2,3,31,24,30,31,3,24,29,36,30,36,29,35,37,36,20,37,30,36,31,30,37,37,20,21,1,2,31,32,1,31,32,31,37,38,37,21,38,21,22,32,37,38,33,32,38,38,22,23,33,38,23,1,32,33,0,1,33,0,33,23],"uvs":[0.0542,1,0.11257,0.77396,0.14176,0.6408,0.13446,0.58973,0,0.52407,0,0.48269,0,0.44563,0.11257,0.38726,0.29133,0.33802,0.38253,0.29242,0.30957,0.28877,0.17824,0.26505,0.13446,0.1775,0.17459,0.04435,0.3424,0,0.55763,0,0.78746,0.01334,0.83853,0.21216,0.84218,0.4055,0.92244,0.53136,0.88231,0.63533,0.89325,0.75754,0.93703,0.89617,1,1,0.16707,0.50665,0.17143,0.43258,0.07992,0.44565,0.06467,0.50992,0.45596,0.29908,0.42947,0.42429,0.38373,0.54589,0.33316,0.68554,0.33075,0.78306,0.33316,0.9492,0.6623,0.29422,0.65026,0.43505,0.65748,0.59999,0.64303,0.74325,0.65026,0.91662,0.26122,0.1697,0.26792,0.16719,0.2777,0.16887,0.29138,0.17152,0.30479,0.17808,0.31233,0.18437,0.29362,0.1866,0.27909,0.1866,0.26708,0.18199,0.25758,0.17571,0.25479,0.17319,0.25195,0.17245,0.26648,0.16636,0.29207,0.17066,0.30614,0.17731,0.31486,0.18535,0.29363,0.18781,0.27843,0.18781,0.2648,0.18251,0.36807,0.18532,0.37477,0.17876,0.3865,0.17387,0.40578,0.17373,0.42952,0.17583,0.45689,0.18169,0.44349,0.18714,0.42589,0.19189,0.39768,0.19342,0.38175,0.19063,0.36695,0.18826,0.38399,0.19412,0.40522,0.1958,0.42756,0.1944,0.44544,0.18923,0.4622,0.18169,0.42896,0.17345,0.39851,0.17066,0.37673,0.17317,0.36332,0.1856],"vertices":[1,1,-9.8,75.35,1,1,1,70.99,63.97,1,2,1,118.6,58.19,0.99874,2,-65.72,66.97,0.00126,2,1,136.9,59.29,0.97378,2,-47.4,67.35,0.02622,2,1,160.68,83.08,0.87517,2,-22.69,90.19,0.12483,2,1,175.49,82.91,0.82963,2,-7.9,89.43,0.17037,2,1,188.76,82.75,0.78229,2,5.35,88.76,0.21771,2,1,209.42,62.36,0.60727,2,25.19,67.57,0.39273,2,1,226.68,30.16,0.18881,2,41.17,34.71,0.81119,3,1,242.81,13.65,0.01127,2,56.64,17.58,0.8529,3,-22.16,18.28,0.13583,3,1,244.27,26.7,6.1E-4,2,58.61,30.55,0.53075,3,-20.57,31.31,0.46864,2,2,68.29,53.6,0.28562,3,-11.57,54.62,0.71438,2,2,99.99,59.83,0.09711,3,19.94,61.77,0.90289,2,2,147.23,50.23,3.5E-4,3,67.44,53.54,0.99965,1,3,82.65,23.16,1,1,3,81.81,-15.36,1,1,3,76.13,-56.38,1,2,2,81.18,-65.41,0.30548,3,4.77,-63.96,0.69452,3,1,201.38,-68.15,0.10789,2,12.02,-62.53,0.85215,3,-64.45,-63.09,0.03996,2,1,156.16,-82,0.53745,2,-33.71,-74.58,0.46255,2,1,119.02,-74.38,0.83117,2,-70.52,-65.51,0.16883,2,1,75.25,-75.83,0.98072,2,-114.31,-65.24,0.01928,1,1,25.54,-83.09,1,1,1,-11.76,-93.93,1,2,1,166.57,53.1,0.87083,2,-17.99,60,0.12917,2,1,193.08,52.02,0.65705,2,8.46,57.87,0.34295,2,1,188.59,68.45,0.7523,2,4.62,74.47,0.2477,2,1,165.61,71.45,0.86868,2,-18.22,78.37,0.13132,2,1,240.27,0.54,0.00239,2,53.59,4.57,0.99761,2,1,195.51,5.8,0.17147,2,9.06,11.59,0.82853,2,1,152.07,14.49,0.99982,2,-33.99,21.99,1.8E-4,1,1,102.19,24.12,1,1,1,67.28,24.95,1,1,1,7.8,25.21,1,2,2,53.45,-32.4,0.7369,3,-23.91,-31.77,0.2631,3,1,191.2,-33.68,0.10851,2,3.2,-27.68,0.88574,3,-74.27,-28.51,0.00575,2,1,132.14,-34.29,0.87036,2,-55.83,-25.96,0.12964,2,1,80.88,-31.11,0.99119,2,-106.92,-20.77,0.00881,1,1,18.81,-31.68,1,2,2,101.62,37.03,0.07436,3,22.23,39.02,0.92564,2,2,102.46,35.78,0.06821,3,23.11,37.81,0.93179,2,2,101.77,34.06,0.06838,3,22.47,36.07,0.93162,2,2,100.7,31.67,0.06896,3,21.46,33.64,0.93104,2,2,98.23,29.39,0.07733,3,19.06,31.29,0.92267,2,2,95.91,28.16,0.08879,3,16.78,29.99,0.91121,2,2,95.29,31.54,0.10256,3,16.06,33.36,0.89744,2,2,95.42,34.14,0.10737,3,16.11,35.96,0.89263,2,2,97.18,36.2,0.0989,3,17.81,38.07,0.9011,2,2,99.51,37.78,0.08714,3,20.1,39.72,0.91286,2,2,100.43,38.24,0.08252,3,21.01,40.2,0.91748,2,2,100.73,38.73,0.08154,3,21.29,40.7,0.91846,2,2,102.77,36.02,0.06713,3,23.41,38.06,0.93287,2,2,101,31.53,0.0671,3,21.77,33.51,0.9329,2,2,98.49,29.13,0.07508,3,19.34,31.04,0.92492,2,2,95.54,27.72,0.09003,3,16.42,29.55,0.90997,2,2,94.85,31.56,0.10585,3,15.63,33.37,0.89415,2,2,94.99,34.28,0.11079,3,15.68,36.09,0.88921,2,2,97.01,36.62,0.1006,3,17.64,38.48,0.8994,2,2,95.06,18.21,0.05778,3,16.22,20.03,0.94222,2,2,97.35,16.89,0.04037,3,18.55,18.77,0.95963,2,2,98.99,14.7,0.0263,3,20.25,16.64,0.9737,2,2,98.86,11.26,0.01628,3,20.22,13.19,0.98372,2,2,97.9,7.05,0.00783,3,19.38,8.95,0.99217,2,2,95.55,2.26,0.00256,3,17.17,4.1,0.99744,2,2,93.73,4.76,0.00917,3,15.28,6.54,0.99083,2,2,92.19,7.99,0.02478,3,13.65,9.73,0.97522,2,2,91.9,13.06,0.05187,3,13.21,14.79,0.94813,2,2,93.04,15.86,0.05927,3,14.27,17.62,0.94073,2,2,94.03,18.46,0.06585,3,15.18,20.25,0.93415,2,2,91.77,15.52,0.06654,3,13.01,17.25,0.93346,2,2,90.98,11.76,0.0514,3,12.33,13.46,0.9486,2,2,91.28,7.74,0.02725,3,12.74,9.45,0.97275,2,2,92.96,4.45,0.00962,3,14.52,6.21,0.99038,2,2,95.5,1.31,0.00158,3,17.15,3.15,0.99842,2,2,98.75,7.11,0.00672,3,20.23,9.03,0.99328,2,2,100.03,12.5,0.01677,3,21.35,14.46,0.98323,2,2,99.33,16.44,0.03069,3,20.54,18.38,0.96931,2,2,95.01,19.06,0.06148,3,16.14,20.88,0.93852],"width":179,